BransonHome_72.jpg,1
BransonHome_73.jpg,1
BransonHome_74.jpg,3
BransonHome_75.jpg,3
BransonHome_76.jpg,1
BransonHome_77.jpg,3
BransonHome_78.jpg,3
BransonHome_79.jpg,1
BransonHome_80.jpg,1
BransonHome_81.jpg,1
BransonHome_82.jpg,1
BransonHome_83.jpg,1
BransonHome_84.jpg,1
BransonHome_85.jpg,3
BransonHome_86.jpg,3
BransonHome_87.jpg,1
BransonHome_88.jpg,1
BransonHome_89.jpg,1
BransonHome_90.jpg,3
BransonHome_91.jpg,3
BransonHome_92.jpg,3
BransonHome_93.jpg,3
BransonHome_94.jpg,2
BransonHome_95.jpg,2
BransonHome_96.jpg,1
BransonHome_97.jpg,3
BransonHome_98.jpg,1
BransonHome_99.jpg,1
BransonHome_100.jpg,1
BransonHome_101.jpg,1
BransonHome_102.jpg,1
BransonHome_103.jpg,1
BransonHome_104.jpg,1
BransonHome_105.jpg,1
BransonHome_106.jpg,1
BransonHome_107.jpg,1
BransonHome_108.jpg,3
BransonHome_109.jpg,3
BransonHome_110.jpg,3
BransonHome_111.jpg,1
BransonSchool_32.jpg,1
BransonSchool_33.jpg,1
BransonSchool_34.jpg,0
BransonSchool_35.jpg,2
BransonSchool_36.jpg,3
BransonSchool_37.jpg,3
BransonSchool_38.jpg,1
BransonSchool_39.jpg,1
BransonSchool_40.jpg,1
BransonSchool_41.jpg,1
BransonSchool_42.jpg,1
BransonSchool_43.jpg,1
BransonSchool_44.jpg,1
BransonSchool_45.jpg,1
BransonSchool_46.jpg,1
BransonSchool_47.jpg,3
BransonSchool_48.jpg,1
BransonSchool_49.jpg,1
BransonSchool_50.jpg,1
BransonSchool_51.jpg,3
BransonSchool_52.jpg,0
BransonSchool_53.jpg,3
BransonSchool_54.jpg,3
BransonSchool_55.jpg,1
BransonSchool_56.jpg,3
BransonSchool_57.jpg,3
BransonSchool_58.jpg,1
BransonSchool_59.jpg,1
BransonSchool_60.jpg,1
BransonSchool_61.jpg,1
BransonSchool_62.jpg,1
BransonSchool_63.jpg,1
BransonSchool_64.jpg,1
BransonSchool_65.jpg,1
BransonSchool_66.jpg,1
BransonSchool_67.jpg,3
BransonSchool_68.jpg,1
BransonSchool_78.jpg,1
BransonSchool_79.jpg,1
BransonTown_72.jpg,2
BransonTown_73.jpg,2
BransonTown_74.jpg,2
BransonTown_75.jpg,0
BransonTown_76.jpg,0
BransonTown_77.jpg,2
BransonTown_78.jpg,1
BransonTown_79.jpg,0
BransonTown_80.jpg,3
BransonTown_81.jpg,2
BransonTown_82.jpg,2
BransonTown_83.jpg,2
BransonTown_84.jpg,0
BransonTown_85.jpg,3
BransonTown_86.jpg,3
BransonTown_87.jpg,1
BransonTown_88.jpg,1
BransonTown_89.jpg,1
BransonTown_90.jpg,1
BransonTown_91.jpg,1
BransonTown_92.jpg,3
BransonTown_93.jpg,1
BransonTown_94.jpg,1
BransonTown_95.jpg,3
BransonTown_96.jpg,2
BransonTown_97.jpg,1
BransonTown_98.jpg,2
BransonTown_99.jpg,3
BransonTown_100.jpg,1
BransonTown_101.jpg,1
BransonTown_102.jpg,3
BransonTown_103.jpg,1
BransonTown_104.jpg,1
BransonTown_105.jpg,1
BransonTown_106.jpg,1
BransonTown_107.jpg,1
BransonTown_108.jpg,1
BransonTown_109.jpg,1
BransonTown_110.jpg,1
BransonTown_111.jpg,1