BransonHome_32.jpg,1
BransonHome_33.jpg,1
BransonHome_34.jpg,3
BransonHome_35.jpg,1
BransonHome_36.jpg,1
BransonHome_37.jpg,1
BransonHome_38.jpg,1
BransonHome_39.jpg,1
BransonHome_40.jpg,1
BransonHome_41.jpg,1
BransonHome_42.jpg,1
BransonHome_43.jpg,1
BransonHome_44.jpg,1
BransonHome_45.jpg,1
BransonHome_46.jpg,1
BransonHome_47.jpg,1
BransonHome_48.jpg,1
BransonHome_49.jpg,1
BransonHome_50.jpg,3
BransonHome_51.jpg,1
BransonHome_52.jpg,1
BransonHome_53.jpg,1
BransonHome_54.jpg,1
BransonHome_55.jpg,1
BransonHome_56.jpg,1
BransonHome_57.jpg,1
BransonHome_58.jpg,1
BransonHome_59.jpg,1
BransonHome_60.jpg,1
BransonHome_61.jpg,1
BransonHome_62.jpg,3
BransonHome_63.jpg,1
BransonHome_64.jpg,1
BransonHome_65.jpg,1
BransonHome_66.jpg,1
BransonHome_67.jpg,1
BransonHome_68.jpg,1
BransonHome_69.jpg,1
BransonHome_70.jpg,1
BransonHome_71.jpg,1
BransonHome_72.jpg,1
BransonHome_73.jpg,1
BransonHome_74.jpg,3
BransonHome_75.jpg,3
BransonHome_76.jpg,1
BransonHome_77.jpg,3
BransonHome_78.jpg,3
BransonHome_79.jpg,1
BransonHome_80.jpg,1
BransonHome_81.jpg,1
BransonHome_82.jpg,1
BransonHome_83.jpg,1
BransonHome_84.jpg,1
BransonHome_85.jpg,3
BransonHome_86.jpg,3
BransonHome_87.jpg,1
BransonHome_88.jpg,1
BransonHome_89.jpg,1
BransonHome_90.jpg,3
BransonHome_91.jpg,3
BransonHome_92.jpg,3
BransonHome_93.jpg,3
BransonHome_94.jpg,2
BransonHome_95.jpg,2
BransonHome_96.jpg,1
BransonHome_97.jpg,3
BransonHome_98.jpg,1
BransonHome_99.jpg,1
BransonHome_100.jpg,1
BransonHome_101.jpg,1
BransonHome_102.jpg,1
BransonHome_103.jpg,1
BransonHome_104.jpg,1
BransonHome_105.jpg,1
BransonHome_106.jpg,1
BransonHome_107.jpg,1
BransonHome_108.jpg,3
BransonHome_109.jpg,3
BransonHome_110.jpg,3
BransonHome_111.jpg,1
BransonSchool_32.jpg,1
BransonSchool_33.jpg,1
BransonSchool_34.jpg,0
BransonSchool_35.jpg,2
BransonSchool_36.jpg,3
BransonSchool_37.jpg,3
BransonSchool_38.jpg,1
BransonSchool_39.jpg,1
BransonSchool_40.jpg,1
BransonSchool_41.jpg,1
BransonSchool_42.jpg,1
BransonSchool_43.jpg,1
BransonSchool_44.jpg,1
BransonSchool_45.jpg,1
BransonSchool_46.jpg,1
BransonSchool_47.jpg,3
BransonSchool_48.jpg,1
BransonSchool_49.jpg,1
BransonSchool_50.jpg,1
BransonSchool_51.jpg,3
BransonSchool_52.jpg,0
BransonSchool_53.jpg,3
BransonSchool_54.jpg,3
BransonSchool_55.jpg,1
BransonSchool_56.jpg,3
BransonSchool_57.jpg,3
BransonSchool_58.jpg,1
BransonSchool_59.jpg,1
BransonSchool_60.jpg,1
BransonSchool_61.jpg,1
BransonSchool_62.jpg,1
BransonSchool_63.jpg,1
BransonSchool_64.jpg,1
BransonSchool_65.jpg,1
BransonSchool_66.jpg,1
BransonSchool_67.jpg,3
BransonSchool_68.jpg,1
BransonSchool_69.jpg,3
BransonSchool_70.jpg,2
BransonSchool_71.jpg,3
BransonSchool_72.jpg,3
BransonSchool_73.jpg,2
BransonSchool_74.jpg,1
BransonSchool_75.jpg,1
BransonSchool_76.jpg,3
BransonSchool_77.jpg,3
BransonSchool_78.jpg,1
BransonSchool_79.jpg,1
BransonSchool_80.jpg,1
BransonSchool_81.jpg,1
BransonSchool_82.jpg,1
BransonSchool_83.jpg,1
BransonSchool_84.jpg,3
BransonSchool_85.jpg,2
BransonSchool_86.jpg,1
BransonSchool_87.jpg,3
BransonSchool_88.jpg,3
BransonSchool_89.jpg,3
BransonSchool_90.jpg,1
BransonSchool_91.jpg,0
BransonSchool_92.jpg,1
BransonSchool_93.jpg,0
BransonSchool_94.jpg,0
BransonSchool_95.jpg,1
BransonSchool_96.jpg,1
BransonSchool_97.jpg,1
BransonSchool_98.jpg,1
BransonSchool_99.jpg,3
BransonSchool_100.jpg,3
BransonSchool_101.jpg,1
BransonSchool_102.jpg,1
BransonSchool_103.jpg,1
BransonSchool_104.jpg,1
BransonSchool_105.jpg,1
BransonSchool_106.jpg,1
BransonSchool_107.jpg,1
BransonSchool_108.jpg,1
BransonSchool_109.jpg,1
BransonSchool_110.jpg,1
BransonSchool_111.jpg,3
BransonTown_32.jpg,1
BransonTown_33.jpg,1
BransonTown_34.jpg,0
BransonTown_35.jpg,0
BransonTown_36.jpg,3
BransonTown_37.jpg,1
BransonTown_38.jpg,3
BransonTown_39.jpg,1
BransonTown_40.jpg,3
BransonTown_41.jpg,3
BransonTown_42.jpg,1
BransonTown_43.jpg,1
BransonTown_44.jpg,1
BransonTown_45.jpg,1
BransonTown_46.jpg,1
BransonTown_47.jpg,1
BransonTown_48.jpg,1
BransonTown_49.jpg,0
BransonTown_50.jpg,0
BransonTown_51.jpg,2
BransonTown_52.jpg,2
BransonTown_53.jpg,2
BransonTown_54.jpg,2
BransonTown_55.jpg,2
BransonTown_56.jpg,2
BransonTown_57.jpg,0
BransonTown_58.jpg,0
BransonTown_59.jpg,1
BransonTown_60.jpg,1
BransonTown_61.jpg,3
BransonTown_62.jpg,1
BransonTown_63.jpg,1
BransonTown_64.jpg,1
BransonTown_65.jpg,2
BransonTown_66.jpg,2
BransonTown_67.jpg,2
BransonTown_68.jpg,2
BransonTown_69.jpg,2
BransonTown_70.jpg,2
BransonTown_71.jpg,2
BransonTown_72.jpg,2
BransonTown_73.jpg,2
BransonTown_74.jpg,2
BransonTown_75.jpg,0
BransonTown_76.jpg,0
BransonTown_77.jpg,2
BransonTown_78.jpg,1
BransonTown_79.jpg,0
BransonTown_80.jpg,3
BransonTown_81.jpg,2
BransonTown_82.jpg,2
BransonTown_83.jpg,2
BransonTown_84.jpg,0
BransonTown_85.jpg,3
BransonTown_86.jpg,3
BransonTown_87.jpg,1
BransonTown_88.jpg,1
BransonTown_89.jpg,1
BransonTown_90.jpg,1
BransonTown_91.jpg,1
BransonTown_92.jpg,3
BransonTown_93.jpg,1
BransonTown_94.jpg,1
BransonTown_95.jpg,3
BransonTown_96.jpg,2
BransonTown_97.jpg,1
BransonTown_98.jpg,2
BransonTown_99.jpg,3
BransonTown_100.jpg,1
BransonTown_101.jpg,1
BransonTown_102.jpg,3
BransonTown_103.jpg,1
BransonTown_104.jpg,1
BransonTown_105.jpg,1
BransonTown_106.jpg,1
BransonTown_107.jpg,1
BransonTown_108.jpg,1
BransonTown_109.jpg,1
BransonTown_110.jpg,1
BransonTown_111.jpg,1